approach,params.dataset,training_duration_for_eval,inference_duration_for_eval,metrics.nap_accuracy,metrics.rtp_similarity
Ceci,BPI2012_WC,36.21875333599746,115.99164536898024,0.33946508532010167,0.06303240620640219
Ceci,BPI2012_WC,36.21875333599746,98.55160135598271,0.3471648516710477,0.06756760710919284
Ceci,BPI2012_WC,36.21875333599746,116.2523854880128,0.3427986855973712,0.06290946561986879
Ceci,BPI2012_WC,36.21875333599746,110.2465240249876,0.33356574283888213,0.0640777025458572
Ceci,BPI2012_WC,36.21875333599746,121.22735142099555,0.34608985024958405,0.05630055997518986
Ceci,BPI2012_WC,42.28404309198959,115.52183969900943,0.35029650248093913,0.06841368562045176
Ceci,BPI2012_WC,42.28404309198959,97.25919842699659,0.3496057078482914,0.07154517530761931
Ceci,BPI2012_WC,42.28404309198959,115.90288222700474,0.3481926963853928,0.06580449189070364
Ceci,BPI2012_WC,42.28404309198959,111.05400730200927,0.3392016733484399,0.06474443745064017
Ceci,BPI2012_WC,42.28404309198959,124.23499289999017,0.35212916743698774,0.06006507385246744
Ceci,BPI2012_WC,51.08915491498192,121.54622649998055,0.38097543265157935,0.06805485096802825
Ceci,BPI2012_WC,51.08915491498192,96.8243692330143,0.38064839153836527,0.071987601142401
Ceci,BPI2012_WC,51.08915491498192,115.12926900599268,0.36958273916547835,0.06569457513174723
Ceci,BPI2012_WC,51.08915491498192,114.97209386300528,0.3557608506187903,0.06781889891316124
Ceci,BPI2012_WC,51.08915491498192,121.62001470601535,0.3732667775929007,0.062220087572132855
Ceci,BPI2012_C,93.04658578199451,334.6659798499895,0.15117096347943434,0.06400278887844348
Ceci,BPI2012_C,93.04658578199451,318.660234134004,0.15981107771575784,0.06612166848228204
Ceci,BPI2012_C,93.04658578199451,372.1429512719915,0.16077384923282187,0.06123069316926973
Ceci,BPI2012_C,93.04658578199451,312.192150739982,0.14991176717739,0.06785866447711267
Ceci,BPI2012_C,93.04658578199451,312.39300847100094,0.1557381678527053,0.06507510800498374
Ceci,BPI2012_C,3233.4525759679964,351.64059609100514,0.1506930192021142,0.06135565489424506
Ceci,BPI2012_C,3233.4525759679964,336.6212547150062,0.15812222699298698,0.06380177069205493
Ceci,BPI2012_C,3233.4525759679964,400.6470778750081,0.16588837002446075,0.06165941082047605
Ceci,BPI2012_C,3233.4525759679964,323.8591498459864,0.1582028514607434,0.06543106808686532
Ceci,BPI2012_C,3233.4525759679964,327.9169273310108,0.16200722918784594,0.06389086177733067
Ceci,BPI2012_C,4158.635815982008,357.0440362740046,0.16134836514942788,0.061180503741858114
Ceci,BPI2012_C,4158.635815982008,337.21212260899483,0.1687991985115214,0.06493161056538845
Ceci,BPI2012_C,4158.635815982008,393.8562645119964,0.17775739381810096,0.0615119991727478
Ceci,BPI2012_C,4158.635815982008,332.20299916500517,0.1664099044844682,0.065631728355257
Ceci,BPI2012_C,4158.635815982008,331.21278041201003,0.17686095109002598,0.06355971119564942
Ceci,BPI2012_W,625.0901417599962,601.1571756299963,0.14712770354043256,0.03679792705510144
Ceci,BPI2012_W,625.0901417599962,504.0090681750007,0.14649772616766296,0.03788286904428667
Ceci,BPI2012_W,625.0901417599962,625.4734467639937,0.14415179835740582,0.03439878945796498
Ceci,BPI2012_W,625.0901417599962,629.7616947930073,0.1423648845654306,0.03578361624760338
Ceci,BPI2012_W,625.0901417599962,667.5497340719885,0.14634902734705385,0.033302392484780514
Ceci,BPI2012_W,2698.9234412119986,611.3103109630028,0.14646645543463288,0.037064768128075964
Ceci,BPI2012_W,2698.9234412119986,509.03361315299844,0.14575408288762406,0.037721788891612124
Ceci,BPI2012_W,2698.9234412119986,613.7430554090024,0.1451146983857264,0.034654576231463674
Ceci,BPI2012_W,2698.9234412119986,643.1814415350018,0.14199379754552444,0.03654265079956094
Ceci,BPI2012_W,2698.9234412119986,658.0404063520036,0.14812517620524387,0.03357121462570851
Ceci,BPI2012_W,7198.893171504002,634.4655880919963,0.16197823391651742,0.03642009868473596
Ceci,BPI2012_W,7198.893171504002,541.864840628994,0.1581386036667334,0.037174063815141316
Ceci,BPI2012_W,7198.893171504002,630.714136901006,0.1600679694137638,0.03340156899857481
Ceci,BPI2012_W,7198.893171504002,648.4968765669983,0.15225170302435923,0.03507888342895659
Ceci,BPI2012_W,7198.893171504002,693.2906732370029,0.15895122638849732,0.03203377961450303
Ceci,Nasa,8676.386525318958,86.35720813693479,0.1798969753004887,0.027656661611512697
Ceci,Nasa,8676.386525318958,85.84698480600491,0.17662508207485225,0.027218580527772145
Ceci,Nasa,8676.386525318958,72.47739097708836,0.17800498099357714,0.031909577078410245
Ceci,Nasa,8676.386525318958,93.59324845997617,0.17363177642644587,0.024757233957583048
Ceci,Nasa,8676.386525318958,79.74992499104701,0.1788833024609685,0.02843131782475976
Ceci,Nasa,12227.649445155985,88.21112423506565,0.1798969753004887,0.027656661611512697
Ceci,Nasa,12227.649445155985,90.41478229500353,0.17662508207485225,0.027218580527772145
Ceci,Nasa,12227.649445155985,75.59460020798724,0.17800498099357714,0.031909577078410245
Ceci,Nasa,12227.649445155985,97.46240616997238,0.17363177642644587,0.024757233957583048
Ceci,Nasa,12227.649445155985,84.59145734494086,0.1788833024609685,0.02843131782475976
Ceci,Nasa,12822.068700147094,85.87071306502912,0.1798969753004887,0.027656661611512697
Ceci,Nasa,12822.068700147094,87.81821997498628,0.17662508207485225,0.027218580527772145
Ceci,Nasa,12822.068700147094,71.94951168296393,0.17800498099357714,0.031909577078410245
Ceci,Nasa,12822.068700147094,92.86866306199227,0.17363177642644587,0.024757233957583048
Ceci,Nasa,12822.068700147094,84.80573680705857,0.1788833024609685,0.02843131782475976
Ceci,Sepsis,222.79898569599027,109.14677693101112,0.2587841606246514,0.04537563886418689
Ceci,Sepsis,222.79898569599027,23.04260448605055,0.2544995263656457,0.0532522898523805
Ceci,Sepsis,222.79898569599027,33.8911101029953,0.25399934704538035,0.048633479531304695
Ceci,Sepsis,222.79898569599027,50.34211242099991,0.24077380952380953,0.029439439282492055
Ceci,Sepsis,222.79898569599027,18.87948178697843,0.25008161932745676,0.056079258777161946
Ceci,Sepsis,482.08488162897993,111.1099753989838,0.2763524818739543,0.056311881481609656
Ceci,Sepsis,482.08488162897993,22.965932864986826,0.25607830754657407,0.05892133476184524
Ceci,Sepsis,482.08488162897993,32.87132561899489,0.2602024159320927,0.04846082255955116
Ceci,Sepsis,482.08488162897993,49.90009412099607,0.26339285714285715,0.046975177716402056
Ceci,Sepsis,482.08488162897993,18.218188192986418,0.26477309826967027,0.06971269942019284
Ceci,Sepsis,768.8506649790215,109.01578185101971,0.2679866146123815,0.048216123618172665
Ceci,Sepsis,768.8506649790215,22.817992819997016,0.261761919797916,0.05498962137542072
Ceci,Sepsis,768.8506649790215,32.80636670900276,0.25857002938295787,0.04484459782143238
Ceci,Sepsis,768.8506649790215,49.601132715004496,0.2526785714285714,0.041040555279399246
Ceci,Sepsis,768.8506649790215,18.503128296986688,0.25497877897486126,0.057050044594089376
Ceci,EnvPermit,15.914028822036926,1.075176092039328,0.16395939086294417,0.33549380224536574
Ceci,EnvPermit,15.914028822036926,1.1021644370048307,0.31363636363636366,0.3368716321145009
Ceci,EnvPermit,15.914028822036926,1.2015539840213023,0.3060428849902534,0.3295808917143188
Ceci,EnvPermit,15.914028822036926,1.3243865219992585,0.3036597428288823,0.33209447054680385
Ceci,EnvPermit,15.914028822036926,1.811551618971862,0.31353799698037244,0.32524441968071927
Ceci,EnvPermit,16.231768754019868,1.0883995729964226,0.16395939086294417,0.3363313656971424
Ceci,EnvPermit,16.231768754019868,1.1051978399627842,0.31363636363636366,0.3369978947407635
Ceci,EnvPermit,16.231768754019868,1.232246909989044,0.3060428849902534,0.3294834258273793
Ceci,EnvPermit,16.231768754019868,1.2674120459705591,0.3036597428288823,0.33209447054680385
Ceci,EnvPermit,16.231768754019868,1.7076153150410391,0.3120281831907398,0.3253796819641689
Ceci,EnvPermit,16.885460903984495,1.079314959992189,0.16598984771573605,0.33765055834882246
Ceci,EnvPermit,16.885460903984495,1.0980308040161617,0.31616161616161614,0.3393968846397534
Ceci,EnvPermit,16.885460903984495,1.2380025219754316,0.3079922027290448,0.3313190333647412
Ceci,EnvPermit,16.885460903984495,1.2622274079476483,0.3066271018793274,0.33518821711236046
Ceci,EnvPermit,16.885460903984495,1.8023595809936523,0.3160543532964268,0.32965168072534734
Ceci,BPI2013_Incidents,133.61122893803986,198.1127188319806,0.45179806362378977,0.12391432030320143
Ceci,BPI2013_Incidents,133.61122893803986,116.16591875097947,0.43766560678325384,0.12965555673848622
Ceci,BPI2013_Incidents,133.61122893803986,179.95957709202776,0.452128764278297,0.12652611661123278
Ceci,BPI2013_Incidents,133.61122893803986,110.83443599700695,0.45070914553203384,0.13193737274633324
Ceci,BPI2013_Incidents,133.61122893803986,141.04447084700223,0.4406010965951398,0.1253459512080572
Ceci,BPI2013_Incidents,211.99968542403076,194.00874834600836,0.4492392807745505,0.12226877242710903
Ceci,BPI2013_Incidents,211.99968542403076,121.6346372999833,0.4336910439851616,0.12785138570645177
Ceci,BPI2013_Incidents,211.99968542403076,189.2400025629904,0.4493596400138456,0.125159804519141
Ceci,BPI2013_Incidents,211.99968542403076,114.83023694495205,0.4477747502270663,0.12991099628789204
Ceci,BPI2013_Incidents,211.99968542403076,142.36013142502634,0.43701347052054423,0.12542277683824551
Ceci,BPI2013_Incidents,332.0987403059844,200.1894454259891,0.45802213001383124,0.13219345101401478
Ceci,BPI2013_Incidents,332.0987403059844,124.75269006600138,0.44713831478537364,0.1364744469436829
Ceci,BPI2013_Incidents,332.0987403059844,185.20211789401947,0.4554517133956386,0.13232245142907526
Ceci,BPI2013_Incidents,332.0987403059844,113.47918241599109,0.4539928736114022,0.14005298837656718
Ceci,BPI2013_Incidents,332.0987403059844,142.993798726995,0.4436471942056454,0.13379024794647446
Ceci,BPI2013_Closed,5.563546225021128,2.586198257980868,0.5818062827225131,0.23797387454008734
Ceci,BPI2013_Closed,5.563546225021128,3.2026636610389687,0.5706422018348624,0.22486046617828234
Ceci,BPI2013_Closed,5.563546225021128,4.423920784960501,0.5399761336515513,0.19934963969171626
Ceci,BPI2013_Closed,5.563546225021128,5.356724756013136,0.5412186379928315,0.19869165832420507
Ceci,BPI2013_Closed,5.563546225021128,4.331139023997821,0.5581395348837209,0.210336585944691
Ceci,BPI2013_Closed,7.703967071021907,2.702058646013029,0.5863874345549738,0.2350050477417742
Ceci,BPI2013_Closed,7.703967071021907,3.2691089349682443,0.5675840978593272,0.2250563562502687
Ceci,BPI2013_Closed,7.703967071021907,4.2868818930001,0.5459427207637232,0.2126670079717916
Ceci,BPI2013_Closed,7.703967071021907,5.593841452035122,0.551373954599761,0.20217849143004935
Ceci,BPI2013_Closed,7.703967071021907,4.2487054750090465,0.5605875152998776,0.21146204234888263
Ceci,BPI2013_Closed,8.646725622995291,2.6630508830421604,0.5850785340314136,0.23424036759835581
Ceci,BPI2013_Closed,8.646725622995291,3.1655425269855186,0.5657492354740061,0.222957599879884
Ceci,BPI2013_Closed,8.646725622995291,4.376007812970784,0.5322195704057279,0.20390821035829576
Ceci,BPI2013_Closed,8.646725622995291,5.5633951560012065,0.543010752688172,0.1979157931711717
Ceci,BPI2013_Closed,8.646725622995291,4.392335731012281,0.5673194614443084,0.2087671374170574
Ceci,Helpdesk,37.07804387999931,6.893700479005929,0.40153256704980844,0.22720586742096047
Ceci,Helpdesk,37.07804387999931,5.648982133017853,0.40444700019168106,0.23976533763768196
Ceci,Helpdesk,37.07804387999931,5.6442889999598265,0.4103562390500292,0.24066057987607942
Ceci,Helpdesk,37.07804387999931,6.496629353030585,0.40445304937076476,0.23304198737061263
Ceci,Helpdesk,37.07804387999931,6.503916482964996,0.4079784158797456,0.23256564227807058
Ceci,Helpdesk,37.38786961900769,7.084306868957356,0.40153256704980844,0.22720586742096047
Ceci,Helpdesk,37.38786961900769,5.690632973972242,0.40444700019168106,0.23976533763768196
Ceci,Helpdesk,37.38786961900769,5.674250688985921,0.4103562390500292,0.24066057987607942
Ceci,Helpdesk,37.38786961900769,6.509361237986013,0.40445304937076476,0.23304198737061263
Ceci,Helpdesk,37.38786961900769,6.600409647042397,0.4079784158797456,0.23256564227807058
Ceci,Helpdesk,42.273223425028846,7.021605531976093,0.4021072796934866,0.22728269293811731
Ceci,Helpdesk,42.273223425028846,5.6685351700289175,0.40291355184972205,0.23999643361345874
Ceci,Helpdesk,42.273223425028846,5.79624794900883,0.4091882421646876,0.24136959713658593
Ceci,Helpdesk,42.273223425028846,6.513204859977122,0.4027105517909003,0.23250926339887593
Ceci,Helpdesk,42.273223425028846,6.898439097974915,0.35922142994796685,0.1895965415088159
Spoel,BPI2019,775.6150278979912,300.0310584229883,0.5418644986449864,0.6394811354247671
Spoel,BPI2019,775.6150278979912,173.61148235900328,0.5442667052278611,0.6430304913827551
Spoel,BPI2019,775.6150278979912,265.75732549699023,0.5401692246933885,0.6369826744355925
Spoel,BPI2019,775.6150278979912,282.3261452259612,0.5410385803220346,0.6385788645664234
Spoel,BPI2019,775.6150278979912,157.47420325002167,0.5347778254803048,0.6328232159035123
Spoel,BPI2017_Full,120.27302217303077,55.618257983995136,0.6555717291964854,0.3199885585430159
Spoel,BPI2017_Full,120.27302217303077,48.99818235897692,0.6557779233407516,0.3197648708694725
Spoel,BPI2017_Full,120.27302217303077,50.78747391101206,0.6552008528956209,0.3165593821629938
Spoel,BPI2017_Full,120.27302217303077,54.66495696402853,0.6549354452498058,0.31879913762523265
Spoel,BPI2017_Full,120.27302217303077,49.22486354701687,0.6569324933519574,0.3207730561825802
Spoel,BPI2012_WC,26.39878420601599,1.2385078340303153,0.19345274113518093,0.3290494047413192
Spoel,BPI2012_WC,26.39878420601599,1.1449006110196933,0.1928276380022531,0.3330206011158337
Spoel,BPI2012_WC,26.39878420601599,1.2093003499903716,0.19300638601277204,0.33111704894083627
Spoel,BPI2012_WC,26.39878420601599,1.2760019779670984,0.18430073790018012,0.31876492702004205
Spoel,BPI2012_WC,26.39878420601599,1.276260241982527,0.19153263080051766,0.3291652378234172
Spoel,BPI2012_C,37.45569334499305,3.296218142961152,0.41876353004020356,0.33116590647811145
Spoel,BPI2012_C,37.45569334499305,3.2127792480168864,0.42121082009446115,0.33439565880896105
Spoel,BPI2012_C,37.45569334499305,3.603396577993408,0.41522125861685566,0.3265518961627039
Spoel,BPI2012_C,37.45569334499305,3.1405453060287982,0.41839164169070897,0.3306682377435903
Spoel,BPI2012_C,37.45569334499305,3.2552389340125956,0.42542076132384504,0.3351348195663011
Spoel,BPI2012_W,27.413154857000336,5.077566858031787,0.4819672131147541,0.2547383263890758
Spoel,BPI2012_W,27.413154857000336,4.486796115001198,0.48502702857306296,0.2622984809658244
Spoel,BPI2012_W,27.413154857000336,5.251684578019194,0.48467856131407533,0.26034070369989115
Spoel,BPI2012_W,27.413154857000336,5.2717730649746954,0.48045166591565724,0.24681536888604638
Spoel,BPI2012_W,27.413154857000336,5.266506857005879,0.4851141809980265,0.25879556221434274
Spoel,BPI2012_Full,41.70441825699527,9.286567810981069,0.5254264913615125,0.25378442689299413
Spoel,BPI2012_Full,41.70441825699527,8.85656161600491,0.5271289246142217,0.2564608839245065
Spoel,BPI2012_Full,41.70441825699527,9.800147901987657,0.522696306920043,0.2509812608746897
Spoel,BPI2012_Full,41.70441825699527,9.046086210000794,0.5249035236412162,0.2529754316891627
Spoel,BPI2012_Full,41.70441825699527,9.00056717399275,0.5268161336410595,0.25738221613426476
Spoel,Nasa,8.874179603997618,1.5831153190229088,0.3800026416589618,0.25244724938860424
Spoel,Nasa,8.874179603997618,1.540260698995553,0.3845042678923178,0.2541308036747594
Spoel,Nasa,8.874179603997618,1.516119620995596,0.3835365054397693,0.25369866958283344
Spoel,Nasa,8.874179603997618,1.613257988996338,0.38116185793763746,0.2522411331737346
Spoel,Nasa,8.874179603997618,1.521134629030712,0.3821778248213813,0.2541463759769507
Spoel,Sepsis,3.1137157510383986,0.7435112420353107,0.275515895147797,0.27900270245410314
Spoel,Sepsis,3.1137157510383986,0.31987657299032435,0.315440479949479,0.31940588812788584
Spoel,Sepsis,3.1137157510383986,0.3747518689488061,0.34051583414952663,0.33003654038235325
Spoel,Sepsis,3.1137157510383986,0.504428556014318,0.30654761904761907,0.30616830611452756
Spoel,Sepsis,3.1137157510383986,0.27534148999257013,0.34998367613450865,0.3401535355272158
Spoel,EnvPermit,3.669503259996418,0.14840689004631713,0.801522842639594,0.7525396532898774
Spoel,EnvPermit,3.669503259996418,0.13493121200008318,0.8,0.7602136450810699
Spoel,EnvPermit,3.669503259996418,0.13698437897255644,0.8055555555555556,0.7511094140246452
Spoel,EnvPermit,3.669503259996418,0.13892591296462342,0.7818991097922848,0.7233441919269351
Spoel,EnvPermit,3.669503259996418,0.15664986101910472,0.7946653246099648,0.7444158374420213
Spoel,BPI2013_Incidents,18.91410774597898,1.870789230975788,0.540179806362379,0.5744429232746964
Spoel,BPI2013_Incidents,18.91410774597898,1.3680870810057968,0.5332538420773715,0.5594232966792106
Spoel,BPI2013_Incidents,18.91410774597898,1.7673713939730078,0.5406022845275181,0.5765626250027147
Spoel,BPI2013_Incidents,18.91410774597898,1.2472614559810609,0.5424439320897086,0.577284745345231
Spoel,BPI2013_Incidents,18.91410774597898,1.4784556399681605,0.5397008055235903,0.5705350916018735
Spoel,BPI2013_Closed,3.539511244976893,0.10497317701810971,0.6989528795811518,0.7419209461380984
Spoel,BPI2013_Closed,3.539511244976893,0.09975617798045278,0.6819571865443425,0.7229133860818185
Spoel,BPI2013_Closed,3.539511244976893,0.1365998070104979,0.6670644391408115,0.7098582086692445
Spoel,BPI2013_Closed,3.539511244976893,0.13392788701457903,0.6756272401433692,0.7099393597550645
Spoel,BPI2013_Closed,3.539511244976893,0.1154373650206253,0.6787025703794369,0.7184134394918634
Spoel,Helpdesk,12.895856525981799,0.20445852202828974,0.8496168582375478,0.9043471941532323
Spoel,Helpdesk,12.895856525981799,0.19183660799171776,0.8548974506421315,0.908732200221566
Spoel,Helpdesk,12.895856525981799,0.1933843299630098,0.8617870352345727,0.913989215205883
Spoel,Helpdesk,12.895856525981799,0.20412836398463696,0.8619554695062923,0.9161267526708038
Spoel,Helpdesk,12.895856525981799,0.2046104830224067,0.8606667951435729,0.913062446108317
Polato,BPI2012_WC,34.82238014502218,366.85053894500015,0.4581265884061479,0.344594891221802
Polato,BPI2012_WC,34.82238014502218,365.3824796300032,0.4973087995994492,0.3707143619921932
Polato,BPI2012_WC,34.82238014502218,292.4094584090053,0.4444168888337776,0.3586328846668424
Polato,BPI2012_WC,34.82238014502218,312.4036084120162,0.4716750915112428,0.3648405860622706
Polato,BPI2012_WC,34.82238014502218,345.0616349640186,0.4744561533247057,0.3709472854010789
Polato,BPI2012_C,47.89383209997322,4431.659704393009,0.6724113694509264,0.466202536960057
Polato,BPI2012_C,47.89383209997322,4756.83533017803,0.669071132102476,0.4651958042049033
Polato,BPI2012_C,47.89383209997322,4757.260453988973,0.6686124082721815,0.4635915897125229
Polato,BPI2012_C,47.89383209997322,5361.296313686995,0.640234167110165,0.4574995488812657
Polato,BPI2012_C,47.89383209997322,5205.981539661996,0.6769174291200722,0.4656543795165795
Polato,BPI2012_W,41.22650952398544,9647.218625670996,0.7260504201680672,0.3639033897352146
Polato,BPI2012_W,41.22650952398544,9807.934419712985,0.7191030517976146,0.3661069658564608
Polato,BPI2012_W,41.22650952398544,8219.489667215035,0.7051260266213537,0.3758694196765691
Polato,BPI2012_W,41.22650952398544,9149.12198104302,0.7037665332520476,0.3691048004283941
Polato,BPI2012_W,41.22650952398544,10164.712592464057,0.7175359458697491,0.3863872164494771
Polato,BPI2012_Full,50.989810856000986,38956.78329930501,0.7545893894038302,0.4169951667633933
Polato,BPI2012_Full,50.989810856000986,36345.68130292199,0.7431769058870938,0.4094743591474336
Polato,Nasa,12.548275179986376,938.2096174400068,0.7816668868049135,0.3909193868229726
Polato,Nasa,12.548275179986376,865.0596803840017,0.783322390019698,0.3813311186231979
Polato,Nasa,12.548275179986376,856.1304932849889,0.7835233975619347,0.3884373271772094
Polato,Nasa,12.548275179986376,869.620785111998,0.7827015137792729,0.3795115906416752
Polato,Nasa,12.548275179986376,948.7100468330028,0.7826144482667372,0.3907697962611416
Polato,Sepsis,5.21457253000699,537.105800172023,0.4542665923034021,0.3595494422563161
Polato,Sepsis,5.21457253000699,124.17075164298876,0.4029049573729081,0.3952423723104222
Polato,Sepsis,5.21457253000699,229.32704101200216,0.4182174338883447,0.3814898819325668
Polato,Sepsis,5.21457253000699,394.2264272419852,0.4041666666666667,0.3952364920468603
Polato,Sepsis,5.21457253000699,94.1576168719912,0.4743715311785831,0.3970002556241213
Polato,EnvPermit,7.54431118699722,0.8025574240018614,0.8380710659898477,0.8147936204169413
Polato,EnvPermit,7.54431118699722,0.7320618800004013,0.8621212121212121,0.843727186814309
Polato,EnvPermit,7.54431118699722,0.9216246790019796,0.8538011695906432,0.8340914606762823
Polato,EnvPermit,7.54431118699722,0.9863791200041304,0.8308605341246291,0.8063317295116977
Polato,EnvPermit,7.54431118699722,1.1802025900105946,0.8459989934574735,0.8269243086346979
Polato,BPI2013_Incidents,104.0597214110021,1790.93305064601,0.5545643153526971,0.5463141835276685
Polato,BPI2013_Incidents,104.0597214110021,1308.934676091012,0.5514705882352942,0.5565558886411136
Polato,BPI2013_Incidents,104.0597214110021,1489.3171520389733,0.5581862236067844,0.549300558005803
Polato,BPI2013_Incidents,104.0597214110021,1041.2881548820003,0.5602599035841542,0.5571485110901313
Polato,BPI2013_Incidents,104.0597214110021,1205.5669306440104,0.5613619440871861,0.5432013898961318
Polato,BPI2013_Closed,13.311888591997558,1.400998630997492,0.5883507853403142,0.6799422280990541
Polato,BPI2013_Closed,13.311888591997558,1.916580534016248,0.5620795107033639,0.6852865502020863
Polato,BPI2013_Closed,13.311888591997558,2.504326719994424,0.551909307875895,0.6608863066565985
Polato,BPI2013_Closed,13.311888591997558,3.18657581100706,0.5776583034647551,0.6790275623849894
Polato,BPI2013_Closed,13.311888591997558,2.2909209100180306,0.572827417380661,0.6859971582804351
Polato,Helpdesk,47.91695600101957,1.1392785560165066,0.6791187739463601,0.8504470237085152
Polato,Helpdesk,47.91695600101957,1.5457300249836408,0.6820011500862565,0.8706615791722254
Polato,Helpdesk,47.91695600101957,1.4822566630027725,0.6914541561222504,0.8776088159239885
Polato,Helpdesk,47.91695600101957,1.2174496410007123,0.6884801548886738,0.860399983473553
Polato,Helpdesk,47.91695600101957,1.4181332970038056,0.6899209867026402,0.7891018854595595
BEST,BPI2019,1218.1428807970078,305.82561132102273,0.7185617406237956,0.7151356978907702
BEST,BPI2019,1218.1428807970078,213.01662420699722,0.7198668730336965,0.7127054298014843
BEST,BPI2019,1218.1428807970078,184.4307603490015,0.7092972841145427,0.7147222869496299
BEST,BPI2019,1218.1428807970078,212.24980265001068,0.715898966874771,0.7144008639273761
BEST,BPI2019,1218.1428807970078,289.47956989798695,0.7198478300110006,0.7204058868687553
BEST,BPI2019,1179.7248967390042,328.51827518301434,0.7177334838844903,0.7078395600579425
BEST,BPI2019,1179.7248967390042,196.83188656999846,0.7226690135858295,0.7164809874245051
BEST,BPI2019,1179.7248967390042,170.73769813400577,0.7206309742366864,0.7174732628231223
BEST,BPI2019,1179.7248967390042,198.1914606159844,0.7152433878976759,0.7157212680576868
BEST,BPI2019,1179.7248967390042,287.30558503998327,0.7232127348706998,0.7220700103075972
BEST,BPI2019,1125.253856187992,305.8662069510028,0.7234467650658211,0.7216396838186973
BEST,BPI2019,1125.253856187992,191.24631285200303,0.7218664751364822,0.7256876583344775
BEST,BPI2019,1125.253856187992,184.47067142599553,0.7228055794543841,0.7236447609197385
BEST,BPI2019,1125.253856187992,206.08959192300972,0.7239440976039428,0.7222872034175775
BEST,BPI2019,1125.253856187992,283.7057963970001,0.7265980743752959,0.728784202370499
BEST,BPI2019,1938.3219513169897,345.15186085501045,0.7445216732814518,0.7398479146916344
BEST,BPI2019,1938.3219513169897,236.28168769199692,0.7421592330699793,0.7389348920893617
BEST,BPI2019,1938.3219513169897,220.21090115100378,0.7423668647070379,0.7423356228136009
BEST,BPI2019,1938.3219513169897,249.48554109998804,0.7425087494578866,0.7379829566784564
BEST,BPI2019,1938.3219513169897,322.0140926650056,0.7434225986737916,0.7446137779078332
BEST,BPI2017_Full,468.9767997690069,63.37974000000395,0.8230348238537317,0.48522445764113986
BEST,BPI2017_Full,443.9926543269976,51.0434072099888,0.8209750823464333,0.44877427705764916
BEST,BPI2017_Full,443.9926543269976,54.51015118400392,0.8212124741135308,0.46092240239421084
BEST,BPI2017_Full,443.9926543269976,41.6525532680098,0.8201172304185852,0.46645328071723835
BEST,BPI2017_Full,443.9926543269976,49.24055533100909,0.823546042003231,0.45535317572867745
BEST,BPI2017_Full,443.9926543269976,49.53406122799788,0.819210014670721,0.45502902460914757
BEST,BPI2017_Full,443.9122955320054,49.88030620999052,0.8209499383973247,0.4600633260517626
BEST,BPI2017_Full,443.9122955320054,54.82354521799425,0.8189491485946622,0.47042976186648944
BEST,BPI2017_Full,443.9122955320054,44.07007235698984,0.8198923769566084,0.4725276645570696
BEST,BPI2017_Full,443.9122955320054,48.82070842599205,0.8234501211631664,0.4669375141893729
BEST,BPI2017_Full,443.9122955320054,52.44479242899979,0.8192506256631014,0.4619523354208443
BEST,BPI2017_Full,359.72603332700237,48.133289983001305,0.8194966181388449,0.47973613655774516
BEST,BPI2017_Full,359.72603332700237,52.79364483100653,0.826179638171719,0.47449714598429726
BEST,BPI2017_Full,359.72603332700237,42.75232724900707,0.8251304405594763,0.48747548141530256
BEST,BPI2017_Full,359.72603332700237,47.44587787799537,0.8255098949919225,0.48434990045257276
BEST,BPI2017_Full,359.72603332700237,48.30241829500301,0.820438497190227,0.48174501340759435
BEST,BPI2017_Full,312.06004956799734,50.75081476299965,0.823358728721933,0.47192312694591093
BEST,BPI2017_Full,312.06004956799734,55.47743162400002,0.8272429454624627,0.47019620909941656
BEST,BPI2017_Full,312.06004956799734,43.972622267996485,0.8269752610088766,0.4807235483571917
BEST,BPI2017_Full,312.06004956799734,49.250297484999464,0.8245708804523425,0.47612312187173417
BEST,BPI2017_Full,312.06004956799734,49.7165314360027,0.8270530125741785,0.47708994660552934
BEST,BPI2017_Full,314.8130142180016,53.212185452000995,0.8287043323024315,0.4698843370629712
BEST,BPI2017_Full,314.8130142180016,58.324462777003646,0.8275214307052765,0.46864962326103854
BEST,BPI2017_Full,314.8130142180016,47.37915162699937,0.8296172891871036,0.4780320692841626
BEST,BPI2017_Full,314.8130142180016,51.092080755995994,0.827907915993538,0.47402399564694236
BEST,BPI2017_Full,314.8130142180016,54.11658595100016,0.8270682416963212,0.47597160634345254
BEST,BPI2017_Full,485.1845921869972,58.01713156000187,0.8230771164919162,0.4656058639046298
BEST,BPI2017_Full,485.1845921869972,62.7880288249944,0.8246505010202687,0.46905300156306545
BEST,BPI2017_Full,485.1845921869972,52.256442067002354,0.8248953664855915,0.4746486726342586
BEST,BPI2017_Full,485.1845921869972,58.49420529700001,0.8250858239095316,0.4712204152048262
BEST,BPI2017_Full,485.1845921869972,57.068580551997,0.82245889406115,0.47050970938496256
BEST,BPI2012_WC,58.238709561002906,6.897052808999433,0.3955386289445049,0.3636768940106319
BEST,BPI2012_WC,39.42706702000578,3.6123263069966924,0.4633235317491854,0.33066082678678466
BEST,BPI2012_WC,39.42706702000578,3.625233479004237,0.42905329435574546,0.321862671485443
BEST,BPI2012_WC,39.42706702000578,3.7202095620014006,0.449360499702558,0.31289739782005344
BEST,BPI2012_WC,39.42706702000578,3.5410252700021374,0.45619312626908326,0.3181395689330619
BEST,BPI2012_WC,39.42706702000578,3.2337914669988095,0.4338258164852255,0.3282364541596133
BEST,BPI2012_WC,39.540283873997396,3.326092590999906,0.46387983787650006,0.34762897197018916
BEST,BPI2012_WC,39.540283873997396,3.3104752040017047,0.42845363915748447,0.33038048741482495
BEST,BPI2012_WC,39.540283873997396,3.5061343160050455,0.45456573468173705,0.3287155339892415
BEST,BPI2012_WC,39.540283873997396,3.4524934889996075,0.46950439948860645,0.33262764152137175
BEST,BPI2012_WC,39.540283873997396,3.2716775459994096,0.43522550544323485,0.33645678231840564
BEST,BPI2012_WC,40.55064717300411,3.2108233999970253,0.4432965111658587,0.34975157872563706
BEST,BPI2012_WC,40.55064717300411,3.428022660998977,0.4238063113709617,0.3435569405717593
BEST,BPI2012_WC,40.55064717300411,3.453344160996494,0.43545508625817964,0.34835373660326396
BEST,BPI2012_WC,40.55064717300411,3.6184225440010778,0.44596525532074904,0.34502669999875585
BEST,BPI2012_WC,40.55064717300411,3.1666422099951888,0.41936236391912907,0.3510764371175694
BEST,BPI2012_WC,39.855920308997156,3.6752794990024995,0.43320352857029326,0.35969244622130675
BEST,BPI2012_WC,39.855920308997156,3.8368520199946943,0.41638557829248185,0.3494863300157527
BEST,BPI2012_WC,39.855920308997156,3.9255454430021928,0.4200624628197501,0.3489226012097529
BEST,BPI2012_WC,39.855920308997156,3.858575397003733,0.4141535684740919,0.33989584525789707
BEST,BPI2012_WC,39.855920308997156,3.738203552995401,0.4293157076205288,0.35513835375319336
BEST,BPI2012_WC,49.694220705998305,4.333970724001119,0.4088850035762537,0.36876472439564395
BEST,BPI2012_WC,49.694220705998305,4.586385368995252,0.39284911176073756,0.3573139108513922
BEST,BPI2012_WC,49.694220705998305,4.615099714996177,0.4024390243902439,0.35771917388051816
BEST,BPI2012_WC,49.694220705998305,4.788019305000489,0.4041513123260886,0.35594757722885173
BEST,BPI2012_WC,49.694220705998305,4.287637690002157,0.40194401244167965,0.36568554095981803
BEST,BPI2012_WC,42.27066687899787,5.567539456998929,0.4208058491615672,0.37109647132746826
BEST,BPI2012_WC,42.27066687899787,5.528756987005181,0.3979461809459561,0.3565192816935635
BEST,BPI2012_WC,42.27066687899787,5.652523108998139,0.3969363474122546,0.3577008423592137
BEST,BPI2012_WC,42.27066687899787,11.339939271994808,0.4015191396555614,0.3585934677717441
BEST,BPI2012_WC,42.27066687899787,5.3321234620016185,0.4009331259720062,0.364343401316935
BEST,BPI2012_C,98.42839193400141,6.663599972001975,0.7124203488979421,0.46710629567066236
BEST,BPI2012_C,98.42839193400141,7.095980261001387,0.7231893011592834,0.45128589608671843
BEST,BPI2012_C,98.42839193400141,7.46268497199344,0.7279622509612024,0.44536267084635994
BEST,BPI2012_C,98.42839193400141,7.768904026997916,0.7212044194994529,0.4392419293388017
BEST,BPI2012_C,98.42839193400141,6.5443340220008395,0.7226797317488446,0.4526605317322177
BEST,BPI2012_C,97.55585457599955,7.672364951002237,0.7264180507677844,0.46040170607942277
BEST,BPI2012_C,97.55585457599955,6.179982034002023,0.7202820074862812,0.4779028183315627
BEST,BPI2012_C,97.55585457599955,6.924031810005545,0.7278224397063964,0.46478264741032016
BEST,BPI2012_C,97.55585457599955,6.8466241259957314,0.7205690282043136,0.458105998410505
BEST,BPI2012_C,97.55585457599955,5.826354420998541,0.7231314500156364,0.4766755840242937
BEST,BPI2012_C,74.85345974499796,9.542012292004074,0.7238761795327135,0.4501505030051125
BEST,BPI2012_C,74.85345974499796,9.102728865997051,0.7273321946433114,0.449490360244792
BEST,BPI2012_C,74.85345974499796,9.876477269004681,0.7236281020622161,0.44196949078172293
BEST,BPI2012_C,74.85345974499796,9.122873816006177,0.7242401779095626,0.44796335551219624
BEST,BPI2012_C,74.85345974499796,9.033291815998382,0.722019528128149,0.46297339002631976
BEST,BPI2012_C,89.22907692900117,8.889697714999784,0.7102963195097323,0.4633673417302209
BEST,BPI2012_C,89.22907692900117,8.253737679999176,0.6975324344950394,0.46476341055465314
BEST,BPI2012_C,89.22907692900117,8.704356664999068,0.6965047186298498,0.4631170464424588
BEST,BPI2012_C,89.22907692900117,8.408086642000853,0.6967771541529881,0.467170332305392
BEST,BPI2012_C,89.22907692900117,9.397588871001062,0.6989471489627853,0.4564318539503085
BEST,BPI2012_C,124.05291787300303,8.867277165001724,0.675476165604652,0.47034137657581665
BEST,BPI2012_C,124.05291787300303,8.57857887299906,0.675909437802086,0.47515046400000926
BEST,BPI2012_C,124.05291787300303,9.003162793000229,0.6724222299895142,0.46910593031014297
BEST,BPI2012_C,124.05291787300303,8.611422520003543,0.6759504394789791,0.47228257853365113
BEST,BPI2012_C,124.05291787300303,8.772412878999603,0.667952326349074,0.4720892659325363
BEST,BPI2012_C,112.59049369999775,10.135646447997715,0.6669104077440022,0.4699812090195208
BEST,BPI2012_C,112.59049369999775,9.42859429100281,0.6636261220336519,0.4765374640074224
BEST,BPI2012_C,112.59049369999775,9.966417524999997,0.6648724222299895,0.47014780175139503
BEST,BPI2012_C,112.59049369999775,10.00052579000112,0.6662430724699072,0.4736023944290259
BEST,BPI2012_C,112.59049369999775,9.502210808997916,0.6538448174015775,0.46759010565982256
BEST,BPI2012_W,39.473814031000074,7.137608192999323,0.7048323900740096,0.3671838940877166
BEST,BPI2012_W,39.473814031000074,9.159384809001494,0.7361904436159661,0.3355000290207806
BEST,BPI2012_W,39.473814031000074,8.01316911700269,0.7202261349317168,0.36098367476540927
BEST,BPI2012_W,39.473814031000074,7.840657037999335,0.71244413887934,0.36451519464367893
BEST,BPI2012_W,39.473814031000074,6.39167356300095,0.7280984990951992,0.3699800442670778
BEST,BPI2012_W,32.87638738100213,6.712202218001039,0.7061021622406037,0.3757585425057986
BEST,BPI2012_W,32.87638738100213,7.098822365998785,0.7424496357355406,0.37763998551903416
BEST,BPI2012_W,32.87638738100213,7.709828038001433,0.7226441439907366,0.3662248052160116
BEST,BPI2012_W,32.87638738100213,7.177466336001089,0.7104847026469577,0.36767416312384177
BEST,BPI2012_W,32.87638738100213,6.48389848199804,0.7287371819891424,0.3765788852196137
BEST,BPI2012_W,39.776853266001126,7.041461848999461,0.7117254389783776,0.3739294103545477
BEST,BPI2012_W,39.776853266001126,7.060122483002488,0.7249717823306084,0.37933730936410526
BEST,BPI2012_W,39.776853266001126,7.619878281999263,0.7243129108061166,0.36532663477809035
BEST,BPI2012_W,39.776853266001126,7.630754559999332,0.7090409075283602,0.37773638828143796
BEST,BPI2012_W,39.776853266001126,6.068178704001184,0.740517333144094,0.3858753451123984
BEST,BPI2012_W,41.36183015700226,7.00234738799918,0.6941300246698593,0.37876831710290976
BEST,BPI2012_W,41.36183015700226,7.273279895998712,0.7199781099291993,0.3770521359296293
BEST,BPI2012_W,41.36183015700226,8.036079790999793,0.7318393897081361,0.36838436034080607
BEST,BPI2012_W,41.36183015700226,7.1992241560001276,0.7280508765898934,0.37145261459914725
BEST,BPI2012_W,41.36183015700226,6.258334941001522,0.7290565234361139,0.3782415537874694
BEST,BPI2012_W,45.436241909003,6.869713560998207,0.6976853867363227,0.3806405660804838
BEST,BPI2012_W,45.436241909003,6.942883685998822,0.7018503950473715,0.37204505886377476
BEST,BPI2012_W,45.436241909003,7.384014740997372,0.7068419439430575,0.3686987495339008
BEST,BPI2012_W,45.436241909003,7.487151604997052,0.6995187349604676,0.3687412165087543
BEST,BPI2012_W,45.436241909003,6.054807412998343,0.6936451052052656,0.37334193545992217
BEST,BPI2012_W,72.23393459399813,7.45663854400118,0.7028733130169786,0.3804558241035338
BEST,BPI2012_W,72.23393459399813,7.4960833130026,0.7183021513835208,0.3757763527033983
BEST,BPI2012_W,72.23393459399813,7.628932444000384,0.7114395668017574,0.37216242197700855
BEST,BPI2012_W,72.23393459399813,8.017769929996575,0.707287727741492,0.37152107945987306
BEST,BPI2012_W,72.23393459399813,6.702802936997614,0.7120604619806267,0.3787285656667162
BEST,BPI2012_Full,110.08756699800142,20.471587226002157,0.7999204814486834,0.4214586184924333
BEST,BPI2012_Full,65.92987640699721,20.343215474000317,0.8070935032304379,0.3381947059156145
BEST,BPI2012_Full,65.92987640699721,18.363162604000536,0.8036003854198491,0.3509044845311266
BEST,BPI2012_Full,65.92987640699721,18.713893759999337,0.8051865907653384,0.34405847221574787
BEST,BPI2012_Full,65.92987640699721,17.48388868099937,0.8025515434559745,0.3460342612320814
BEST,BPI2012_Full,65.92987640699721,15.805022671000188,0.8059958803510657,0.3522005573619925
BEST,BPI2012_Full,65.88919759000055,20.23484852200272,0.8074524407753051,0.37650494553972075
BEST,BPI2012_Full,65.88919759000055,18.312797264999972,0.8043524241498438,0.37487719755157484
BEST,BPI2012_Full,65.88919759000055,16.707010155998432,0.8041700551188217,0.375880247801992
BEST,BPI2012_Full,65.88919759000055,21.401715034997324,0.8024376352659757,0.3641591425322346
BEST,BPI2012_Full,65.88919759000055,14.822460045001208,0.8059287121619201,0.3778365062969025
BEST,BPI2012_Full,68.42289867499858,16.421659394000017,0.8325780689160086,0.41722155767313485
BEST,BPI2012_Full,68.42289867499858,14.66675170599774,0.8173250922422505,0.41238876663695834
BEST,BPI2012_Full,68.42289867499858,18.7774254069991,0.8108114213427307,0.3881493170758871
BEST,BPI2012_Full,68.42289867499858,16.199508392001007,0.8148991912518511,0.4099584412734876
BEST,BPI2012_Full,68.42289867499858,14.361429612999927,0.8125111946981909,0.4158595067063619
BEST,BPI2012_Full,62.808428295998965,15.784517239997513,0.8221240129217516,0.4222786659683258
BEST,BPI2012_Full,62.808428295998965,14.97601830399799,0.7997461869286269,0.41564211643094057
BEST,BPI2012_Full,62.808428295998965,16.86897056000089,0.8029728020240354,0.41677257358413267
BEST,BPI2012_Full,62.808428295998965,15.131362584001181,0.8106845882218932,0.42538712389072053
BEST,BPI2012_Full,62.808428295998965,14.750369249999494,0.8014060540927817,0.42093642143538296
BEST,BPI2012_Full,92.71663780899871,15.737336161000712,0.7998923187365399,0.42643866373332556
BEST,BPI2012_Full,92.71663780899871,15.174905497999134,0.7961975041714648,0.42895031506360876
BEST,BPI2012_Full,92.71663780899871,15.421057627001574,0.8052769494894733,0.4302105696938669
BEST,BPI2012_Full,92.71663780899871,16.356949273998907,0.7993848957740062,0.4182866604254513
BEST,BPI2012_Full,92.71663780899871,14.984857526000269,0.8103170338527673,0.42789310189641055
BEST,BPI2012_Full,121.66304833200047,15.049145764000059,0.7997128499641063,0.42296012548374723
BEST,BPI2012_Full,121.66304833200047,14.001240229001269,0.7946699255011633,0.42200458942451136
BEST,BPI2012_Full,121.66304833200047,14.116096378000293,0.7911809885244421,0.4264997586878973
BEST,BPI2012_Full,121.66304833200047,14.491453771001034,0.7959220867980408,0.42551390204147144
BEST,BPI2012_Full,121.66304833200047,13.693896183000106,0.7959878201683682,0.4267284705879968
BEST,Nasa,37.93486859400036,2.241063616000247,0.8869741842484602,0.5064873186368363
BEST,Nasa,35.51513343099941,3.3186516810001194,0.888153584064998,0.4882852967294756
BEST,Nasa,26.323673471999427,1.71436571599952,0.8858267716535433,0.5023682283623924
BEST,Nasa,26.323673471999427,1.756263527999181,0.8826140567200986,0.4867761757865843
BEST,Nasa,26.323673471999427,1.8505976810010907,0.886089454247025,0.4999051674877563
BEST,Nasa,26.323673471999427,1.8295233610006107,0.8894887525562373,0.49984111469927
BEST,Nasa,26.323673471999427,1.8428643539991754,0.8881314168377823,0.5068473204026754
BEST,Nasa,29.166579414000807,1.9846639900006267,0.8859087926509186,0.4921693113836464
BEST,Nasa,29.166579414000807,1.9942658399995707,0.8860665844636252,0.4881761589521554
BEST,Nasa,29.166579414000807,2.2087945740004216,0.888797702092737,0.47351081388816735
BEST,Nasa,29.166579414000807,1.9358050679984444,0.8886707566462168,0.48713624511152587
BEST,Nasa,29.166579414000807,2.0444756930010044,0.8881314168377823,0.49401955076963405
BEST,Nasa,27.781301619999795,2.757452051000655,0.8868930446194225,0.48948099339753987
BEST,Nasa,27.781301619999795,2.8263393199995335,0.886970817920263,0.4927773786810662
BEST,Nasa,27.781301619999795,2.8747048160003033,0.8893721789084941,0.487238102101018
BEST,Nasa,27.781301619999795,2.878998275000413,0.8894069529652352,0.4853714212547062
BEST,Nasa,27.781301619999795,2.8438067349998164,0.8891991786447638,0.4888439681964309
BEST,Nasa,70.69234456699996,4.5686238819998835,0.8882874015748031,0.4768430916922269
BEST,Nasa,70.69234456699996,4.602464366998902,0.8896013152486641,0.48112573899326116
BEST,Nasa,70.69234456699996,4.653079556999728,0.8865818629462454,0.4660367510636499
BEST,Nasa,70.69234456699996,4.4587882600008015,0.8882617586912065,0.47424704519637373
BEST,Nasa,70.69234456699996,4.624768400000903,0.8876386036960986,0.46802885741292494
BEST,Nasa,43.60709344100178,4.462833434999993,0.8805774278215223,0.468243162842653
BEST,Nasa,43.60709344100178,4.506089642000006,0.8827784628031237,0.4720457687922979
BEST,Nasa,43.60709344100178,4.611213423000663,0.8817398440705786,0.4573737479801922
BEST,Nasa,43.60709344100178,4.465034753000509,0.8829447852760737,0.46906774400831003
BEST,Nasa,43.60709344100178,4.615939412999069,0.8818891170431211,0.4627233831556367
BEST,Nasa,32.50247992200093,4.430565704999026,0.8804133858267716,0.469172268813451
BEST,Nasa,32.50247992200093,4.444292713000323,0.8830250719276613,0.4731482962575753
BEST,Nasa,32.50247992200093,4.561901740999019,0.8819860484201888,0.45882428480783377
BEST,Nasa,32.50247992200093,4.411603618000299,0.8835991820040899,0.46727269296839746
BEST,Nasa,32.50247992200093,4.484550869001396,0.8828747433264887,0.46229213412521847
BEST,Sepsis,10.801598792999357,0.7331288889999996,0.5450356095517386,0.4001924042981684
BEST,Sepsis,10.801598792999357,0.7614762060002249,0.5547001620745543,0.41634100557360193
BEST,Sepsis,10.801598792999357,0.821863007000502,0.5409643277146217,0.3858978949132696
BEST,Sepsis,10.801598792999357,0.7568971559994679,0.5513947267863967,0.392580370477889
BEST,Sepsis,10.801598792999357,0.8854697119986668,0.5410646387832699,0.391495717881299
BEST,Sepsis,10.837990988000456,0.7610479340000893,0.5450356095517386,0.399810867035003
BEST,Sepsis,10.837990988000456,0.7430280619992118,0.553484602917342,0.4169769004514745
BEST,Sepsis,10.837990988000456,0.8343201790012245,0.5405723245785966,0.3859734597987768
BEST,Sepsis,10.837990988000456,0.7835038350003742,0.5521589606419565,0.39624736795449395
BEST,Sepsis,10.837990988000456,0.8805781470000511,0.5406844106463878,0.3952220319008007
BEST,Sepsis,11.042274438999812,0.7465579680010705,0.5496439044826141,0.3957625511048699
BEST,Sepsis,11.042274438999812,0.7349910480006656,0.5514586709886548,0.416653539128877
BEST,Sepsis,11.042274438999812,0.8097339249998186,0.5409643277146217,0.38578254995154454
BEST,Sepsis,11.042274438999812,0.7281944030000886,0.553687428353076,0.39393208536438934
BEST,Sepsis,11.042274438999812,1.2039635450000787,0.5410646387832699,0.39046414288781844
BEST,Sepsis,33.14956467899901,1.0580103700012842,0.5622119815668203,0.4011205659026022
BEST,Sepsis,33.14956467899901,1.0757834539999749,0.5522690437601296,0.3993475207501753
BEST,Sepsis,33.14956467899901,1.1586538609990384,0.546452371618973,0.3706041323998982
BEST,Sepsis,33.14956467899901,1.0630096909990243,0.5632403515475736,0.39558440431920244
BEST,Sepsis,33.14956467899901,1.1914562830006616,0.5482889733840304,0.3870888342574348
BEST,Sepsis,15.72323827999935,1.0798805080012244,0.5626309174696271,0.3949039192666858
BEST,Sepsis,15.72323827999935,1.0839018560000113,0.5547001620745543,0.3958980426926418
BEST,Sepsis,15.72323827999935,1.179336475999662,0.5429243433947472,0.36704757321629694
BEST,Sepsis,15.72323827999935,1.037367250000898,0.5548337791364157,0.38793050253627304
BEST,Sepsis,15.72323827999935,1.1643404719998216,0.5410646387832699,0.37913219712902085
BEST,Sepsis,11.849903886000902,0.9951813880015834,0.5425219941348973,0.38842583244825496
BEST,Sepsis,11.849903886000902,1.0379966189993866,0.5364667747163695,0.39043649199219105
BEST,Sepsis,11.849903886000902,1.1654429850004817,0.537436299490396,0.36482886998665054
BEST,Sepsis,11.849903886000902,1.0091311420001148,0.5433702713030187,0.3860909715353052
BEST,Sepsis,11.849903886000902,1.1410807649990602,0.532319391634981,0.3768229793066429
BEST,EnvPermit,6.1443951389992435,0.6184743729991169,0.8735457764289327,0.8358276021669758
BEST,EnvPermit,4.96349357300096,0.5838317149991781,0.8724179829890644,0.8331230576308946
BEST,EnvPermit,4.96349357300096,0.6004468529990845,0.8829113924050633,0.8523968371539115
BEST,EnvPermit,4.96349357300096,0.615383913000187,0.8556446637877854,0.8161874678391644
BEST,EnvPermit,4.96349357300096,0.5902250010003627,0.8682559598494354,0.8282704530785469
BEST,EnvPermit,4.96349357300096,0.6051397039991571,0.8832391713747646,0.8423518635085696
BEST,EnvPermit,4.763321983000424,0.6023333379998803,0.8699878493317132,0.8295119984457163
BEST,EnvPermit,4.763321983000424,0.6215159260000291,0.8829113924050633,0.8520315191311985
BEST,EnvPermit,4.763321983000424,0.6104827859999205,0.8494756323257249,0.8110887772122958
BEST,EnvPermit,4.763321983000424,0.6298910059995251,0.8638644918444166,0.8241147593369058
BEST,EnvPermit,4.763321983000424,0.6133854500003508,0.8838669177652229,0.843865180699853
BEST,EnvPermit,4.711121924000508,0.5884420870006579,0.8699878493317132,0.8300219127922043
BEST,EnvPermit,4.711121924000508,0.6179402890002166,0.879746835443038,0.8508356402739321
BEST,EnvPermit,4.711121924000508,0.6168532010005947,0.8537939543491672,0.8117125258888125
BEST,EnvPermit,4.711121924000508,0.6320489009995072,0.8588456712672522,0.8226647513651992
BEST,EnvPermit,4.711121924000508,0.5783436840001741,0.8851224105461394,0.8453325968862698
BEST,EnvPermit,4.562033563999648,0.6222114040001543,0.8693803159173754,0.8270167921534264
BEST,EnvPermit,4.562033563999648,0.6071140650001325,0.8765822784810127,0.8476580004032543
BEST,EnvPermit,4.562033563999648,0.59442822300025,0.8519432449105491,0.8093079978165774
BEST,EnvPermit,4.562033563999648,0.6161123880001469,0.8575909661229612,0.8216472446363077
BEST,EnvPermit,4.562033563999648,0.6359617629996137,0.8838669177652229,0.8437303489563385
BEST,EnvPermit,3.5501335240005574,0.6266759959999035,0.8657351154313487,0.8259960092371393
BEST,EnvPermit,3.5501335240005574,0.6141056830001617,0.8753164556962025,0.8468530089811744
BEST,EnvPermit,3.5501335240005574,0.6188412499996048,0.8420727945712523,0.8032212423621475
BEST,EnvPermit,3.5501335240005574,0.5746644979999473,0.8544542032622334,0.8167044876860224
BEST,EnvPermit,3.5501335240005574,0.5866054849993816,0.8832391713747646,0.8430562689037273
BEST,EnvPermit,3.5975399010003457,0.663944218999859,0.8657351154313487,0.8259960092371393
BEST,EnvPermit,3.5975399010003457,0.6789966920005099,0.8753164556962025,0.8468530089811744
BEST,EnvPermit,3.5975399010003457,0.7028851459999714,0.8420727945712523,0.8032212423621475
BEST,EnvPermit,3.5975399010003457,0.6750352140006726,0.8544542032622334,0.8167044876860224
BEST,EnvPermit,3.5975399010003457,0.643083967000166,0.8832391713747646,0.8430562689037273
BEST,BPI2013_Incidents,64.9555292519999,3.4745757270002287,0.6399198285990739,0.5752191957042059
BEST,BPI2013_Incidents,47.59911153200028,2.253701928000737,0.6529692709741372,0.5747652951421961
BEST,BPI2013_Incidents,47.59911153200028,2.1406744659998367,0.6313932980599647,0.5502975697406886
BEST,BPI2013_Incidents,47.59911153200028,2.255279017999783,0.6326794011357769,0.561677854740978
BEST,BPI2013_Incidents,47.59911153200028,2.3439277130000846,0.6349488285545124,0.5586586846007499
BEST,BPI2013_Incidents,47.59911153200028,2.837200496999685,0.62248335935574,0.5435582488167879
BEST,BPI2013_Incidents,47.747938602999966,2.207143681999696,0.6539605298729386,0.5756243542566969
BEST,BPI2013_Incidents,47.747938602999966,2.2640139230006753,0.6306374401612497,0.5522579138741186
BEST,BPI2013_Incidents,47.747938602999966,2.2400853740000457,0.6325933574255722,0.5625840519651439
BEST,BPI2013_Incidents,47.747938602999966,2.3250285589992927,0.6339338577349235,0.5585633956358249
BEST,BPI2013_Incidents,47.747938602999966,2.738743760000034,0.6232229435450736,0.5490217897501274
BEST,BPI2013_Incidents,49.9081859959997,2.350693623000552,0.6502658376137694,0.5848788823102345
BEST,BPI2013_Incidents,49.9081859959997,2.2724774420003087,0.6240866717057193,0.5555475354121163
BEST,BPI2013_Incidents,49.9081859959997,2.3448735260008107,0.632249182584753,0.5647360939950834
BEST,BPI2013_Incidents,49.9081859959997,2.468600660999982,0.6342721813414531,0.5559212381070604
BEST,BPI2013_Incidents,49.9081859959997,3.0184036839991677,0.6346454104692251,0.5560518360834168
BEST,BPI2013_Incidents,65.16304808899986,2.4917662210000344,0.6496350364963503,0.5799243965863731
BEST,BPI2013_Incidents,65.16304808899986,2.4401742999998532,0.6233308138070043,0.5514422231636662
BEST,BPI2013_Incidents,65.16304808899986,2.3911533319997034,0.641455859576665,0.5699026605660812
BEST,BPI2013_Incidents,65.16304808899986,2.6170421520000673,0.6396007781442951,0.5582947161800018
BEST,BPI2013_Incidents,65.16304808899986,3.2251176680001663,0.6247021119237407,0.5475179019476969
BEST,BPI2013_Incidents,62.3968931419995,4.12957656099934,0.6509867531765342,0.5770467915821236
BEST,BPI2013_Incidents,62.3968931419995,4.16466837400003,0.6254304190812128,0.5516777382864917
BEST,BPI2013_Incidents,62.3968931419995,4.196993100999862,0.6411977284460506,0.5629505266471205
BEST,BPI2013_Incidents,62.3968931419995,4.27659626500008,0.6385012264230737,0.5573868446602672
BEST,BPI2013_Incidents,62.3968931419995,13.435112447000392,0.6260169282603336,0.546553875276217
BEST,BPI2013_Incidents,54.239118106000205,12.789278666000428,0.6521582409660268,0.5781799891082493
BEST,BPI2013_Incidents,54.239118106000205,12.843720654000208,0.6320651717477115,0.5555543984150952
BEST,BPI2013_Incidents,54.239118106000205,13.033046104000277,0.6373257614868353,0.566439925194016
BEST,BPI2013_Incidents,54.239118106000205,12.91081123999993,0.6376554174067496,0.5580738002834925
BEST,BPI2013_Incidents,54.239118106000205,13.092334061000656,0.6266743364286301,0.5481296732019765
BEST,BPI2013_Closed,8.582891848000145,0.5587763860003179,0.6581395348837209,0.7040886950560078
BEST,BPI2013_Closed,8.582891848000145,0.612683129999823,0.6085734364019677,0.6687699302723427
BEST,BPI2013_Closed,8.582891848000145,0.5585795580000195,0.6275811209439528,0.6803212046692009
BEST,BPI2013_Closed,8.582891848000145,0.5093622550002692,0.6913875598086124,0.7370977667109917
BEST,BPI2013_Closed,8.582891848000145,0.5166122900000119,0.6596573208722741,0.7232690701961524
BEST,BPI2013_Closed,7.801434168000014,0.552722664000612,0.6519379844961241,0.7042968217193325
BEST,BPI2013_Closed,7.801434168000014,0.5968635580002228,0.6148981026001406,0.668572664249291
BEST,BPI2013_Closed,7.801434168000014,0.5769626450000942,0.6238938053097345,0.6805142943989902
BEST,BPI2013_Closed,7.801434168000014,0.4928708530005679,0.6929824561403509,0.73627575671379
BEST,BPI2013_Closed,7.801434168000014,0.495776214000216,0.6612149532710281,0.7228021162413437
BEST,BPI2013_Closed,6.651950028000101,0.56629192399987,0.6542635658914728,0.7043598883541822
BEST,BPI2013_Closed,6.651950028000101,0.6012230639998961,0.6141953619114546,0.656950385897689
BEST,BPI2013_Closed,6.651950028000101,0.5776348660001531,0.6283185840707964,0.6851949582188597
BEST,BPI2013_Closed,6.651950028000101,0.5249944100000903,0.7001594896331739,0.7454995508115924
BEST,BPI2013_Closed,6.651950028000101,0.530709601000126,0.6705607476635514,0.7253267652561962
BEST,BPI2013_Closed,6.3080738639996525,0.5523049700000229,0.6527131782945736,0.7027081335628923
BEST,BPI2013_Closed,6.3080738639996525,0.597855349999918,0.623330990864371,0.6705080436132791
BEST,BPI2013_Closed,6.3080738639996525,0.5611819099999593,0.6356932153392331,0.6918618085735679
BEST,BPI2013_Closed,6.3080738639996525,0.5377411370000118,0.6961722488038278,0.7468576163332816
BEST,BPI2013_Closed,6.3080738639996525,0.5483471180000379,0.6643302180685359,0.724886568554317
BEST,BPI2013_Closed,5.585970390000057,0.5064671899999666,0.662015503875969,0.7017030034056102
BEST,BPI2013_Closed,5.585970390000057,0.5691421550000086,0.6148981026001406,0.6623044497597455
BEST,BPI2013_Closed,5.585970390000057,0.49797260600007576,0.6342182890855457,0.6942053132808365
BEST,BPI2013_Closed,5.585970390000057,0.5078753130001132,0.6953748006379585,0.7460338222379563
BEST,BPI2013_Closed,5.585970390000057,0.48335967999992135,0.6721183800623053,0.7280519458532615
BEST,BPI2013_Closed,4.677921607999906,0.6088352710003164,0.662015503875969,0.7017030034056102
BEST,BPI2013_Closed,4.677921607999906,0.61253426400026,0.6148981026001406,0.6623044497597455
BEST,BPI2013_Closed,4.677921607999906,0.516583214000093,0.6342182890855457,0.6942053132808365
BEST,BPI2013_Closed,4.677921607999906,0.5742712190003658,0.6953748006379585,0.7460338222379563
BEST,BPI2013_Closed,4.677921607999906,0.559335461000046,0.6721183800623053,0.7280519458532615
BEST,Helpdesk,12.29836816399984,0.6364209870002924,0.8519146873485216,0.905570937114809
BEST,Helpdesk,12.29836816399984,0.7038455510000858,0.8596237337192475,0.9118594161105062
BEST,Helpdesk,12.29836816399984,0.6148730770000839,0.8592807144581222,0.9078888124507285
BEST,Helpdesk,12.29836816399984,0.6481324209999002,0.8548698167791707,0.9065013852803194
BEST,Helpdesk,12.29836816399984,0.6263866739996047,0.8547647768395658,0.9095605198982801
BEST,Helpdesk,12.511066415000187,0.6599281609996979,0.8528841492971401,0.9058981305224675
BEST,Helpdesk,12.511066415000187,0.6156102429999919,0.8605885190545104,0.9124583870061488
BEST,Helpdesk,12.511066415000187,0.638764411000011,0.8602461984069515,0.9086089025625638
BEST,Helpdesk,12.511066415000187,0.6360705440001766,0.8563162970106075,0.9075862454538971
BEST,Helpdesk,12.511066415000187,0.6136138540000502,0.8547647768395658,0.9093232862834831
BEST,Helpdesk,12.315435227999842,0.699864572000024,0.8565196316044595,0.907711736074561
BEST,Helpdesk,12.315435227999842,0.6208696600001531,0.8598649300530632,0.911400568799271
BEST,Helpdesk,12.315435227999842,0.6494396499997492,0.8580738595220855,0.9072028207799434
BEST,Helpdesk,12.315435227999842,0.6371900869999081,0.8584860173577628,0.908519856603275
BEST,Helpdesk,12.315435227999842,0.6757506929998272,0.8554885404101327,0.9095458723022092
BEST,Helpdesk,12.781482445000165,1.003844742000183,0.855550169655841,0.9071470821955591
BEST,Helpdesk,12.781482445000165,1.026096108999809,0.8603473227206947,0.9115010672716943
BEST,Helpdesk,12.781482445000165,1.0185788600001615,0.8597634564325368,0.9072531064022781
BEST,Helpdesk,12.781482445000165,1.0188051129998712,0.859450337512054,0.9098056168089969
BEST,Helpdesk,12.781482445000165,1.005629893999867,0.8566948130277443,0.9103063984668368
BEST,Helpdesk,12.709758890000103,1.015336642999955,0.8557925351429957,0.90649086802141
BEST,Helpdesk,12.709758890000103,0.9873356690000037,0.859141341051616,0.9104934025881976
BEST,Helpdesk,12.709758890000103,0.9752114880002409,0.8595220854453295,0.9066201780358235
BEST,Helpdesk,12.709758890000103,1.0046757820000494,0.8596914175506268,0.9089919716788134
BEST,Helpdesk,12.709758890000103,1.018425484999625,0.8559710494571773,0.9102029079351194
BEST,Helpdesk,12.340119975000107,0.9389786940000704,0.8557925351429957,0.90649086802141
BEST,Helpdesk,12.340119975000107,0.9938985389999289,0.859141341051616,0.9104934025881976
BEST,Helpdesk,12.340119975000107,0.9370796319999499,0.8595220854453295,0.9066201780358235
BEST,Helpdesk,12.340119975000107,0.999214388999917,0.8596914175506268,0.9089919716788134
BEST,Helpdesk,12.340119975000107,0.9393406559997857,0.8559710494571773,0.9102029079351194
Wuyts,EnvPermit,325.4418190829456,0.6101441755890846,0.8497679829597473,0.8578940033912659
Wuyts,EnvPermit,359.3723393641412,0.6071100309491158,0.8864833116531372,0.8848040103912354
Wuyts,EnvPermit,293.6171040944755,0.5093423090875149,0.8700340390205383,0.8622277975082397
Wuyts,EnvPermit,241.39726574346423,0.4634135067462921,0.8767371773719788,0.8834193348884583
Wuyts,EnvPermit,229.35419304668903,0.6092091128230095,0.8708743453025818,0.863996684551239
Wuyts,Helpdesk,367.8524579368532,0.6091333888471127,0.8336396813392639,0.913677990436554
Wuyts,Helpdesk,330.978145159781,0.7056432962417603,0.8471533060073853,0.9217351078987122
Wuyts,Helpdesk,337.1120822615921,0.5782605968415737,0.8451400399208069,0.9202192425727844
Wuyts,Helpdesk,270.99326964467764,0.6296982429921627,0.8413068652153015,0.9178274273872375
Wuyts,Helpdesk,243.8266382403672,0.6224662959575653,0.8522109389305115,0.922002613544464
Wuyts,Sepsis,14315.234276589006,108.3455794043839,0.5749077200889587,0.1495419591665268
Wuyts,Sepsis,5664.531372152269,126.9885710440576,0.5598859190940857,0.1071435809135437
Wuyts,Sepsis,3463.478994846344,113.59325439855456,0.533638596534729,0.10718634724617
Wuyts,Sepsis,3401.184662234038,135.8912167288363,0.5430091619491577,0.1585936546325683
Wuyts,Sepsis,15587.840798985211,124.09372919797896,0.5531914830207825,0.1145666167140007
Wuyts,BPI2017_Full,682890.0,8880.310698899906,0.8615135421351211,0.2219493091106414
Wuyts,BPI2017_Full,560648.3078512251,11423.518807434944,0.8608464002609253,0.2288823723793029
Wuyts,BPI2017_Full,560648.3078512251,11423.518807434944,0.8454312551351242,0.2057022601366043
Wuyts,BPI2017_Full,682890.0,8885.407648798078,0.8846512254212542,0.2391366362571716
Wuyts,BPI2017_Full,682890.0,7077.440393064171,0.831564213512354,0.2035649716854095
Wuyts,BPI2013_Incidents,10196.716729044914,166.90843581035733,0.6488291621208191,0.5119274258613586
Wuyts,BPI2013_Incidents,7472.802373036742,163.33447124436498,0.6494837403297424,0.5294637084007263
Wuyts,BPI2013_Incidents,11507.607604186982,161.6589175760746,0.6459964513778687,0.4792407751083374
Wuyts,BPI2013_Incidents,11052.265397597104,162.73520167917013,0.6507313251495361,0.4861143827438354
Wuyts,BPI2013_Incidents,10393.562056705356,168.0686514005065,0.6505997180938721,0.5394027829170227
Wuyts,BPI2013_Closed,76.84142446145415,0.8631449975073338,0.6314623355865479,0.73069167137146
Wuyts,BPI2013_Closed,74.78414864093065,0.7624189369380474,0.6312316656112671,0.7468913793563843
Wuyts,BPI2013_Closed,87.31177274882793,0.7160475105047226,0.6304012537002563,0.7045624256134033
Wuyts,BPI2013_Closed,66.8184690438211,0.7599125243723392,0.6341108083724976,0.7320781350135803
Wuyts,BPI2013_Closed,55.302211150527,0.7190972045063972,0.6365777254104614,0.7523307800292969
Wuyts,BPI2012_Full,160614.82544289157,1792.628086283803,0.8063445091247559,0.2747552096843719
Wuyts,BPI2012_Full,168122.83569207415,1740.169097982347,0.8262402415275574,0.2805567681789398
Wuyts,BPI2012_Full,171380.30823591724,1747.4363588243723,0.8284902572631836,0.2893080413341522
Wuyts,BPI2012_Full,102775.64561655743,1745.920656528324,0.8258552551269531,0.2965221405029297
Wuyts,BPI2012_Full,149326.56794876605,1790.6327604018152,0.8200236558914185,0.2936091125011444
Wuyts,BPI2012_W,112110.38917705788,846.3891296423972,0.8187546730041504,0.119726076722145
Wuyts,BPI2012_W,87052.75669144839,790.6814336292446,0.8169553875923157,0.1149187386035919
Wuyts,BPI2012_W,138699.4567898549,845.1709201931953,0.8150074481964111,0.1149263232946395
Wuyts,BPI2012_W,111365.40497815608,820.6275003291667,0.8189046382904053,0.1142978444695472
Wuyts,BPI2012_W,47452.83148462325,825.1128945723176,0.8148988485336304,0.1040602996945381
Wuyts,BPI2012_C,14919.35278774798,214.55553598701957,0.7728130221366882,0.2700863778591156
Wuyts,BPI2012_C,24043.32944946736,208.72467598691583,0.7833532691001892,0.3078869581222534
Wuyts,BPI2012_C,19508.58581688255,207.5585240200162,0.7899500131607056,0.325192391872406
Wuyts,BPI2012_C,16239.164396118373,209.44646069779992,0.7941248416900635,0.2794407308101654
Wuyts,BPI2012_C,22634.44401479885,216.22703901305795,0.7900249361991882,0.2842016518115997
Wuyts,BPI2012_WC,2693.453383818269,49.362668223679066,0.7138150930404663,0.133347600698471
Wuyts,BPI2012_WC,4093.184881724417,47.188523072749376,0.7268190383911133,0.1104611605405807
Wuyts,BPI2012_WC,4083.777159571648,49.38289017602801,0.7268902063369751,0.114504836499691
Wuyts,BPI2012_WC,3027.770835213363,50.84053386002779,0.6766015887260437,0.115265168249607
Wuyts,BPI2012_WC,4332.957208555192,50.6137512922287,0.7312563061714172,0.1271472722291946
Wuyts,Nasa,5244.600879553705,17.51149206236005,0.6937380433082581,0.448705792427063
Wuyts,Nasa,5460.961472474039,17.654630817472935,0.6584688425064087,0.4410570561885834
Wuyts,Nasa,6302.326636079699,17.931304037570953,0.6665993332862854,0.4528266787528991
Wuyts,Nasa,6218.664839502424,17.829942610114813,0.6903467178344727,0.4283823370933532
Wuyts,Nasa,6360.443852383643,18.04062483459711,0.6875510811805725,0.4302587807178497
Camargo<br>(Arg Max),EnvPermit,320.95700139924884,6.140048235654831,0.8199566160520607,0.8337520617889381
Camargo<br>(Arg Max),EnvPermit,163.48052778467536,6.272799402475357,0.7527777777777778,0.755767154278185
Camargo<br>(Arg Max),EnvPermit,208.13380797579885,6.302717536687851,0.850415512465374,0.8270026184866506
Camargo<br>(Arg Max),EnvPermit,197.32054967433214,6.289913676679134,0.8629476584022039,0.8622974114753952
Camargo<br>(Arg Max),EnvPermit,222.24727379530668,0.644310001283884,0.8799157303370787,0.881796338132532
Camargo<br>(Arg Max),Helpdesk,278.5640502758324,5.977052889764309,0.7630580682812956,0.8685786864952346
Camargo<br>(Arg Max),Helpdesk,257.1901797167957,0.593673262745142,0.7771496578399286,0.8869451005868761
Camargo<br>(Arg Max),Helpdesk,291.0371132493019,0.6631779372692108,0.7302867383512545,0.861072353075039
Camargo<br>(Arg Max),Helpdesk,288.4198602512479,0.6941308900713921,0.7762280169799879,0.8849789066132336
Camargo<br>(Arg Max),Helpdesk,265.31382338702673,6.058361444622278,0.7819436112777445,0.8902129422600344
Camargo<br>(Arg Max),Sepsis,391.484516505152,9.002366662025452,0.5972592310620479,0.3387843439516644
Camargo<br>(Arg Max),Sepsis,206.64271584153175,13.391703885048628,0.5345638798407528,0.0909118883084618
Camargo<br>(Arg Max),Sepsis,192.83916718512774,14.825590375810862,0.5108116577875275,0.1283028720209681
Camargo<br>(Arg Max),Sepsis,198.19157540425658,11.968371614813805,0.4969719909159727,0.1208723576607258
Camargo<br>(Arg Max),Sepsis,345.9983008094132,9.996086098253729,0.5479780671692941,0.3212510540488549
Camargo<br>(Arg Max),BPI2019,106950.26665596664,178.1908521577716,0.6497660641556431,0.6774492446450485
Camargo<br>(Arg Max),BPI2019,111767.4174531512,202.61919954419136,0.7319697620729585,0.7436297029397145
Camargo<br>(Arg Max),BPI2019,119024.6858432293,198.70499059557915,0.7344498317097401,0.7454408388415393
Camargo<br>(Arg Max),BPI2019,112428.32892681287,281.56662494689226,0.697408547706944,0.6225114392959623
Camargo<br>(Arg Max),BPI2019,115615.98836753516,171.13458740711212,0.7127788496454087,0.6252410588161607
Camargo<br>(Arg Max),BPI2017_Full,10884.824041411977,660.2483629269991,0.6371581906465628,0.1654265008857697
Camargo<br>(Arg Max),BPI2017_Full,10966.349341663998,80.74335143901408,0.769679585245623,0.585127079181988
Camargo<br>(Arg Max),BPI2017_Full,10656.191792960046,1174.495935055893,0.5251875439891508,0.0862107795672728
Camargo<br>(Arg Max),BPI2017_Full,11251.347146640066,664.3648898261599,0.5903913551401869,0.0880334228210699
Camargo<br>(Arg Max),BPI2017_Full,11618.394356607925,89.83993207686581,0.7939859317395336,0.601235967980667
Camargo<br>(Arg Max),BPI2013_Incidents,2365.2390303872526,30.07658707723021,0.5672793789595788,0.3244495702226584
Camargo<br>(Arg Max),BPI2013_Incidents,2246.027722325176,29.33994586393237,0.6441806368813668,0.2624746354535363
Camargo<br>(Arg Max),BPI2013_Incidents,2432.3500325120986,22.8860528729856,0.6559126286718554,0.2189092413679323
Camargo<br>(Arg Max),BPI2013_Incidents,2528.3926889002323,20.388923589140177,0.6693679092382496,0.2909000543650104
Camargo<br>(Arg Max),BPI2013_Incidents,2347.392642762512,21.24042560905218,0.6378849669526087,0.2070099354380197
Camargo<br>(Arg Max),BPI2013_Closed,565.0311995707452,5.95133675634861,0.4996619337390128,0.635281194372445
Camargo<br>(Arg Max),BPI2013_Closed,622.6637001559138,0.3860727399587631,0.5146804835924007,0.6917771272741676
Camargo<br>(Arg Max),BPI2013_Closed,715.3222592398525,0.3827095553278923,0.4478844169246646,0.6120325663222672
Camargo<br>(Arg Max),BPI2013_Closed,548.7053246051073,5.791060127317905,0.411543287327478,0.583710348042702
Camargo<br>(Arg Max),BPI2013_Closed,612.997980080545,0.4933150708675384,0.4298701298701298,0.5670638346905877
Camargo<br>(Arg Max),BPI2012_Full,18522.798187182052,1003.392969553126,0.7834472516802163,0.136976280847456
Camargo<br>(Arg Max),BPI2012_Full,23812.67606367101,863.630067199003,0.7865340474368784,0.1443699481849217
Camargo<br>(Arg Max),BPI2012_Full,18446.918969201855,923.5607798951678,0.7106088543349744,0.1507010555632117
Camargo<br>(Arg Max),BPI2012_Full,17882.088799488964,1035.4171484860126,0.6984824205862946,0.1120319202145819
Camargo<br>(Arg Max),BPI2012_Full,18589.68873685901,893.9406159748323,0.807094018985241,0.1169966514127852
Camargo<br>(Arg Max),BPI2012_W,11532.53013013606,602.2254070311319,0.2025989009320824,0.0862785039411633
Camargo<br>(Arg Max),BPI2012_W,11802.853957836052,583.0989904210437,0.301153212520593,0.0510999203371736
Camargo<br>(Arg Max),BPI2012_W,12729.098876024133,472.1488926438615,0.1627927608232789,0.0863471629736547
Camargo<br>(Arg Max),BPI2012_W,11968.066708914936,620.02368198568,0.3331652478272476,0.089486286557424
Camargo<br>(Arg Max),BPI2012_W,11768.71115796594,553.9652990233153,0.2747612459082779,0.0610456082435905
Camargo<br>(Arg Max),BPI2012_C,11597.292863316834,471.3057166321669,0.6343729471016987,0.1737747675680348
Camargo<br>(Arg Max),BPI2012_C,11912.831352666952,511.1704911300913,0.6943667025475422,0.1363876727237328
Camargo<br>(Arg Max),BPI2012_C,11814.178399359107,593.0257752989419,0.6725757955399649,0.1259945155774828
Camargo<br>(Arg Max),BPI2012_C,11982.844945180928,483.4798522309866,0.6541622563974846,0.204800306590286
Camargo<br>(Arg Max),BPI2012_C,12370.821972973878,524.1449553270359,0.7321298852244661,0.1228658688278279
Camargo<br>(Arg Max),BPI2012_WC,1060.6229557991028,50.23859774321318,0.5806301772857475,0.0524280997176416
Camargo<br>(Arg Max),BPI2012_WC,1113.6416666582227,45.04644549638033,0.4550268997982515,0.0375462179588665
Camargo<br>(Arg Max),BPI2012_WC,1068.9933929666877,54.15136465057731,0.370293043024383,0.0342881503123062
Camargo<br>(Arg Max),BPI2012_WC,1095.9736861363053,48.14545456692576,0.5568061640731228,0.0664608602683103
Camargo<br>(Arg Max),BPI2012_WC,1079.4021013453603,47.50251444801688,0.3616399539537767,0.0250034048536778
Camargo<br>(Random<br>Choice),EnvPermit,320.95700139924884,3.0689580254256725,0.7216196673897325,0.7265562745078111
Camargo<br>(Random<br>Choice),EnvPermit,163.48052778467536,2.52809039875865,0.6513888888888889,0.6637656279246363
Camargo<br>(Random<br>Choice),EnvPermit,208.13380797579885,2.8422484770417213,0.7562326869806094,0.7370492094887211
Camargo<br>(Random<br>Choice),EnvPermit,197.32054967433214,2.668029472231865,0.7534435261707989,0.7511676039993506
Camargo<br>(Random<br>Choice),EnvPermit,222.24727379530668,2.553684014827013,0.7696629213483146,0.7548799270243207
Camargo<br>(Random<br>Choice),Helpdesk,278.5640502758324,3.50674981251359,0.6203676685147359,0.7696372931547572
Camargo<br>(Random<br>Choice),Helpdesk,257.1901797167957,2.7058882378041744,0.66081523356144,0.8056354658928292
Camargo<br>(Random<br>Choice),Helpdesk,291.0371132493019,3.2662370540201664,0.5310633213859021,0.7008384313294479
Camargo<br>(Random<br>Choice),Helpdesk,288.4198602512479,2.7715859413146973,0.6309884778653729,0.7890443058726867
Camargo<br>(Random<br>Choice),Helpdesk,265.31382338702673,3.303437653928995,0.6586682663467307,0.8311244668710009
Camargo<br>(Random<br>Choice),Sepsis,391.484516505152,8.82231329381466,0.4880091358964598,0.3746380909485835
Camargo<br>(Random<br>Choice),Sepsis,206.64271584153175,7.174085110425949,0.4031849439015563,0.3308494906818202
Camargo<br>(Random<br>Choice),Sepsis,192.83916718512774,9.073168326169252,0.348793481667189,0.2920018923865785
Camargo<br>(Random<br>Choice),Sepsis,198.19157540425658,8.424991577863693,0.3796366389099167,0.3216129547450257
Camargo<br>(Random<br>Choice),Sepsis,345.9983008094132,7.599217139184475,0.4297464016449623,0.3820555890034994
Camargo<br>(Random<br>Choice),BPI2019,106950.26665596664,319.4356099180877,0.5434716752499242,0.5891573316600875
Camargo<br>(Random<br>Choice),BPI2019,111767.4174531512,337.021134711802,0.6102861387652846,0.6270870516438789
Camargo<br>(Random<br>Choice),BPI2019,119024.6858432293,304.26824283227324,0.6114830301143187,0.6293442360931132
Camargo<br>(Random<br>Choice),BPI2019,112428.32892681287,277.1641300097108,0.5554623320152335,0.5212795811540012
Camargo<br>(Random<br>Choice),BPI2019,115615.98836753516,289.9897064603865,0.5823872460876831,0.5039620434227428
Camargo<br>(Random<br>Choice),BPI2017_Full,10884.824041411977,166.08203935995698,0.5684896498849987,0.4262901617215598
Camargo<br>(Random<br>Choice),BPI2017_Full,10966.349341663998,154.44697665283456,0.6950280469148393,0.4431730590138965
Camargo<br>(Random<br>Choice),BPI2017_Full,10656.191792960046,220.02860333700664,0.440020256467478,0.3553620946691441
Camargo<br>(Random<br>Choice),BPI2017_Full,11251.347146640066,177.32245715893805,0.5111655283968368,0.3262144832229763
Camargo<br>(Random<br>Choice),BPI2017_Full,11618.394356607925,123.58132519107312,0.7368986497184086,0.4945429010969065
Camargo<br>(Random<br>Choice),BPI2013_Incidents,2365.2390303872526,17.580207977443933,0.5081199250468457,0.4688309507261107
Camargo<br>(Random<br>Choice),BPI2013_Incidents,2246.027722325176,12.702596593648195,0.4966712119996792,0.5175775006424551
Camargo<br>(Random<br>Choice),BPI2013_Incidents,2432.3500325120986,11.111629705876112,0.5790861159929701,0.5188537393356225
Camargo<br>(Random<br>Choice),BPI2013_Incidents,2528.3926889002323,11.100796923041344,0.5844657773344969,0.5254811233072149
Camargo<br>(Random<br>Choice),BPI2013_Incidents,2347.392642762512,10.072531796991823,0.5751652369568274,0.5219289454108996
Camargo<br>(Random<br>Choice),BPI2013_Closed,565.0311995707452,3.105576179921627,0.3847194050033806,0.5432764287115347
Camargo<br>(Random<br>Choice),BPI2013_Closed,622.6637001559138,2.7827322483062744,0.3773747841105354,0.5877912287922141
Camargo<br>(Random<br>Choice),BPI2013_Closed,715.3222592398525,2.332500945776701,0.2848297213622291,0.5208586430624582
Camargo<br>(Random<br>Choice),BPI2013_Closed,548.7053246051073,2.531297031790018,0.3651191969887076,0.5303273060413864
Camargo<br>(Random<br>Choice),BPI2013_Closed,612.997980080545,2.6145559810101986,0.3636363636363636,0.5349088951759411
Camargo<br>(Random<br>Choice),BPI2012_Full,18522.798187182052,618.6664517461322,0.7161053252860652,0.2993710458153861
Camargo<br>(Random<br>Choice),BPI2012_Full,23812.67606367101,461.8748206598684,0.73946879440376,0.3283350541682934
Camargo<br>(Random<br>Choice),BPI2012_Full,18446.918969201855,797.4730214669835,0.6670595167943429,0.2601677493511028
Camargo<br>(Random<br>Choice),BPI2012_Full,17882.088799488964,823.1353504019789,0.6354039023470638,0.248961363982137
Camargo<br>(Random<br>Choice),BPI2012_Full,18589.68873685901,482.1580569481012,0.7497400039829177,0.3194838925786337
Camargo<br>(Random<br>Choice),BPI2012_W,11532.53013013606,85.10144852707162,0.1538087864711418,0.1812188630333401
Camargo<br>(Random<br>Choice),BPI2012_W,11802.853957836052,219.8374872321729,0.2844810543657331,0.1888357068758186
Camargo<br>(Random<br>Choice),BPI2012_W,12729.098876024133,85.68197713326663,0.1603974449964514,0.1796154583086371
Camargo<br>(Random<br>Choice),BPI2012_W,11968.066708914936,200.79536123480648,0.3158128911695785,0.2455182706450558
Camargo<br>(Random<br>Choice),BPI2012_W,11768.71115796594,126.53475957969204,0.2287989741166942,0.1919888283318233
Camargo<br>(Random<br>Choice),BPI2012_C,11597.292863316834,265.479090574896,0.5686489191979228,0.3186736362243972
Camargo<br>(Random<br>Choice),BPI2012_C,11912.831352666952,207.4847844769247,0.5962683889486904,0.357387097704262
Camargo<br>(Random<br>Choice),BPI2012_C,11814.178399359107,218.54350608610548,0.5901403157103483,0.340233258066751
Camargo<br>(Random<br>Choice),BPI2012_C,11982.844945180928,218.23225322295912,0.5858912894589378,0.3480867032009979
Camargo<br>(Random<br>Choice),BPI2012_C,12370.821972973878,180.02202746784317,0.6331904692721197,0.3755728307099367
Camargo<br>(Random<br>Choice),BPI2012_WC,1060.6229557991028,11.892456643283367,0.4041960207478516,0.3245002630762958
Camargo<br>(Random<br>Choice),BPI2012_WC,1113.6416666582227,12.294068358838558,0.371133154001345,0.2936648329493626
Camargo<br>(Random<br>Choice),BPI2012_WC,1068.9933929666877,14.914894215762615,0.2832749235702035,0.2585900256451757
Camargo<br>(Random<br>Choice),BPI2012_WC,1095.9736861363053,14.565313003957272,0.3579845898171929,0.2946384089458596
Camargo<br>(Random<br>Choice),BPI2012_WC,1079.4021013453603,17.02659083902836,0.2513061188346763,0.2648747656491594
Camargo<br>(Random<br>Choice),EnvPermit,320.95700139924884,3.0689580254256725,0.7216196673897325,0.7265562745078111
Camargo<br>(Random<br>Choice),EnvPermit,163.48052778467536,2.52809039875865,0.6513888888888889,0.6637656279246363
Camargo<br>(Random<br>Choice),EnvPermit,208.13380797579885,2.8422484770417213,0.7562326869806094,0.7370492094887211
Camargo<br>(Random<br>Choice),EnvPermit,197.32054967433214,2.668029472231865,0.7534435261707989,0.7511676039993506
Camargo<br>(Random<br>Choice),EnvPermit,222.24727379530668,2.553684014827013,0.7696629213483146,0.7548799270243207
Camargo<br>(Random<br>Choice),Helpdesk,278.5640502758324,3.50674981251359,0.6203676685147359,0.7696372931547572
Camargo<br>(Random<br>Choice),Helpdesk,257.1901797167957,2.7058882378041744,0.66081523356144,0.8056354658928292
Camargo<br>(Random<br>Choice),Helpdesk,291.0371132493019,3.2662370540201664,0.5310633213859021,0.7008384313294479
Camargo<br>(Random<br>Choice),Helpdesk,288.4198602512479,2.7715859413146973,0.6309884778653729,0.7890443058726867
Camargo<br>(Random<br>Choice),Helpdesk,265.31382338702673,3.303437653928995,0.6586682663467307,0.8311244668710009
Camargo<br>(Random<br>Choice),Sepsis,391.484516505152,8.82231329381466,0.4880091358964598,0.3746380909485835
Camargo<br>(Random<br>Choice),Sepsis,206.64271584153175,7.174085110425949,0.4031849439015563,0.3308494906818202
Camargo<br>(Random<br>Choice),Sepsis,192.83916718512774,9.073168326169252,0.348793481667189,0.2920018923865785
Camargo<br>(Random<br>Choice),Sepsis,198.19157540425658,8.424991577863693,0.3796366389099167,0.3216129547450257
Camargo<br>(Random<br>Choice),Sepsis,345.9983008094132,7.599217139184475,0.4297464016449623,0.3820555890034994
Camargo<br>(Random<br>Choice),BPI2019,106950.26665596664,319.4356099180877,0.5434716752499242,0.5891573316600875
Camargo<br>(Random<br>Choice),BPI2019,111767.4174531512,337.021134711802,0.6102861387652846,0.6270870516438789
Camargo<br>(Random<br>Choice),BPI2019,119024.6858432293,304.26824283227324,0.6114830301143187,0.6293442360931132
Camargo<br>(Random<br>Choice),BPI2019,112428.32892681287,277.1641300097108,0.5554623320152335,0.5212795811540012
Camargo<br>(Random<br>Choice),BPI2019,115615.98836753516,289.9897064603865,0.5823872460876831,0.5039620434227428
Camargo<br>(Random<br>Choice),BPI2017_Full,10884.824041411977,166.08203935995698,0.5684896498849987,0.4262901617215598
Camargo<br>(Random<br>Choice),BPI2017_Full,10966.349341663998,154.44697665283456,0.6950280469148393,0.4431730590138965
Camargo<br>(Random<br>Choice),BPI2017_Full,10656.191792960046,220.02860333700664,0.440020256467478,0.3553620946691441
Camargo<br>(Random<br>Choice),BPI2017_Full,11251.347146640066,177.32245715893805,0.5111655283968368,0.3262144832229763
Camargo<br>(Random<br>Choice),BPI2017_Full,11618.394356607925,123.58132519107312,0.7368986497184086,0.4945429010969065
Camargo<br>(Random<br>Choice),BPI2013_Incidents,2365.2390303872526,17.580207977443933,0.5081199250468457,0.4688309507261107
Camargo<br>(Random<br>Choice),BPI2013_Incidents,2246.027722325176,12.702596593648195,0.4966712119996792,0.5175775006424551
Camargo<br>(Random<br>Choice),BPI2013_Incidents,2432.3500325120986,11.111629705876112,0.5790861159929701,0.5188537393356225
Camargo<br>(Random<br>Choice),BPI2013_Incidents,2528.3926889002323,11.100796923041344,0.5844657773344969,0.5254811233072149
Camargo<br>(Random<br>Choice),BPI2013_Incidents,2347.392642762512,10.072531796991823,0.5751652369568274,0.5219289454108996
Camargo<br>(Random<br>Choice),BPI2013_Closed,565.0311995707452,3.105576179921627,0.3847194050033806,0.5432764287115347
Camargo<br>(Random<br>Choice),BPI2013_Closed,622.6637001559138,2.7827322483062744,0.3773747841105354,0.5877912287922141
Camargo<br>(Random<br>Choice),BPI2013_Closed,715.3222592398525,2.332500945776701,0.2848297213622291,0.5208586430624582
Camargo<br>(Random<br>Choice),BPI2013_Closed,548.7053246051073,2.531297031790018,0.3651191969887076,0.5303273060413864
Camargo<br>(Random<br>Choice),BPI2013_Closed,612.997980080545,2.6145559810101986,0.3636363636363636,0.5349088951759411
Camargo<br>(Random<br>Choice),BPI2012_Full,18522.798187182052,618.6664517461322,0.7161053252860652,0.2993710458153861
Camargo<br>(Random<br>Choice),BPI2012_Full,23812.67606367101,461.8748206598684,0.73946879440376,0.3283350541682934
Camargo<br>(Random<br>Choice),BPI2012_Full,18446.918969201855,797.4730214669835,0.6670595167943429,0.2601677493511028
Camargo<br>(Random<br>Choice),BPI2012_Full,17882.088799488964,823.1353504019789,0.6354039023470638,0.248961363982137
Camargo<br>(Random<br>Choice),BPI2012_Full,18589.68873685901,482.1580569481012,0.7497400039829177,0.3194838925786337
Camargo<br>(Random<br>Choice),BPI2012_W,11532.53013013606,85.10144852707162,0.1538087864711418,0.1812188630333401
Camargo<br>(Random<br>Choice),BPI2012_W,11802.853957836052,219.8374872321729,0.2844810543657331,0.1888357068758186
Camargo<br>(Random<br>Choice),BPI2012_W,12729.098876024133,85.68197713326663,0.1603974449964514,0.1796154583086371
Camargo<br>(Random<br>Choice),BPI2012_W,11968.066708914936,200.79536123480648,0.3158128911695785,0.2455182706450558
Camargo<br>(Random<br>Choice),BPI2012_W,11768.71115796594,126.53475957969204,0.2287989741166942,0.1919888283318233
Camargo<br>(Random<br>Choice),BPI2012_C,11597.292863316834,265.479090574896,0.5686489191979228,0.3186736362243972
Camargo<br>(Random<br>Choice),BPI2012_C,11912.831352666952,207.4847844769247,0.5962683889486904,0.357387097704262
Camargo<br>(Random<br>Choice),BPI2012_C,11814.178399359107,218.54350608610548,0.5901403157103483,0.340233258066751
Camargo<br>(Random<br>Choice),BPI2012_C,11982.844945180928,218.23225322295912,0.5858912894589378,0.3480867032009979
Camargo<br>(Random<br>Choice),BPI2012_C,12370.821972973878,180.02202746784317,0.6331904692721197,0.3755728307099367
Camargo<br>(Random<br>Choice),BPI2012_WC,1060.6229557991028,11.892456643283367,0.4041960207478516,0.3245002630762958
Camargo<br>(Random<br>Choice),BPI2012_WC,1113.6416666582227,12.294068358838558,0.371133154001345,0.2936648329493626
Camargo<br>(Random<br>Choice),BPI2012_WC,1068.9933929666877,14.914894215762615,0.2832749235702035,0.2585900256451757
Camargo<br>(Random<br>Choice),BPI2012_WC,1095.9736861363053,14.565313003957272,0.3579845898171929,0.2946384089458596
Camargo<br>(Random<br>Choice),BPI2012_WC,1079.4021013453603,17.02659083902836,0.2513061188346763,0.2648747656491594
